colaborador_id,tempo_total,horas
1.0,0 days 00:00:07.488501,0.002080139166666667
2.0,0 days 21:02:31.082741,21.041967428055557
6.0,0 days 00:01:01.235228,0.017009785555555556
7.0,0 days 00:00:00,0.0
