colaborador_id,tempo_total,horas
1.0,0 days 00:36:01.862387,0.6005173297222223
2.0,1 days 16:51:15.707789,40.854363274722225
8.0,0 days 00:01:12.546614,0.020151837222222222
