colaborador_id,tempo_total,horas
1.0,0 days 00:02:00.420409,0.03345011361111111
2.0,0 days 00:00:00,0.0
